{
    "slope": 0.9997378249006738,
    "intercept": 1.2615991015779855,
    "r_value": 0.9999999250162138,
    "p_value": 5.067195005088379e-32,
    "std_err": 0.00012905165372460755,
    "wave_mes": [
        364.009,
        403.723,
        434.538,
        544.92,
        387.581,
        387.581,
        446.009,
        666.768,
        1082.012,
        1082.012,
        1082.012
    ],
    "wave_tab": [
        365.0153,
        404.65630000000004,
        435.8328000000001,
        546.0735,
        388.86456,
        388.86489000000006,
        447.14790000000005,
        667.8151700000001,
        1082.90911,
        1083.02501,
        1083.03398
    ]
}