{
    "slope": 0.9997378249006738,
    "intercept": 1.2615991015779855,
    "r_value": 0.9999999250162138,
    "p_value": 5.067195005088379e-32,
    "std_err": 0.00012905165372460755,
    "slope_index": 0.4406571457148758,
    "intercept_index": 203.26664972177088,
    "r_value_index": 0.9999592346882322,
    "p_value_index": 1.03204260536193e-19,
    "std_err_index": 0.0013263349770456262,
    "wave_mes": [
        364.009,
        403.723,
        434.538,
        544.92,
        387.581,
        387.581,
        446.009,
        666.768,
        1082.012,
        1082.012,
        1082.012
    ],
    "wave_tab": [
        365.0153,
        404.65630000000004,
        435.8328000000001,
        546.0735,
        388.86456,
        388.86489000000006,
        447.14790000000005,
        667.8151700000001,
        1082.90911,
        1083.02501,
        1083.03398
    ],
    "index_mes": [
        374,
        460,
        527,
        769,
        425,
        425,
        552,
        1040,
        1999,
        1999,
        1999
    ]
}