{
    "slope": 1.0014041334600354,
    "intercept": -0.38193349510584085,
    "r_squared": 0.9999681365308254,
    "peak_wavelengths": [
        695.7089233398438,
        705.9229736328125,
        737.806396484375,
        749.7269287109375,
        762.5086669921875,
        771.750244140625,
        794.144287109375,
        800.7173461914062,
        810.7840576171875,
        825.6387329101562,
        840.0261840820312,
        841.3325805664062,
        851.3405151367188,
        911.0791625976562,
        921.4140625,
        964.7277221679688
    ],
    "tab_energies": [
        696.54,
        706.72,
        738.4,
        750.39,
        763.51,
        772.98,
        794.82,
        800.62,
        810.37,
        826.45,
        840.82,
        842.46,
        852.14,
        912.3,
        922.45,
        965.78
    ]
}